2000,History,Valentine,Braulio,43,42,45,48,42,42,44,44,47,40
2000,History,Lundberg,Lish,42,41,42,41,49,46,49,44,44,50
2001,Geography,Barrett,Alysia,41,49,42,43,50,47,42,40
2004,History,Shipley,Derald,78,89,68,78,41,60,70,47,89,52
2003,History,Wittman,Zettie,66,63,69,61,63,67,67,66,68,65
2005,Maths,Bustos,Gretchen,66,46,72,49,70,51,51,78,49,50,61,79
2001,History,Saucier,Octave,60,55,55,54,50,53,58,58,54,54
2001,Maths,Ferrer,Georgeanna,52,60,53,53,56,57,59,53,58,57,58,59
2000,Geography,Davies,Callie,44,50,41,50,41,44,42,48
2005,History,Parris,Harmon,69,87,74,54,64,51,49,83,66,42
2001,Maths,Penn,Desi,59,60,52,51,55,59,59,54,60,50,57,51
2000,Maths,Sayles,Serenity,42,50,48,44,49,41,50,48,47,47,45,41
2004,Maths,Pilcher,Sommer,75,77,83,70,87,70,77,86,71,78,81,85
2002,History,Forte,Holmes,59,58,55,50,51,58,57,55,53,56
2002,History,Pack,Destinee,53,55,59,54,55,52,50,56,53,55
2004,Maths,Ervin,Cleola,90,76,78,90,86,82,82,76,90,81,89,83
2000,Geography,Parada,Robin,48,43,49,49,42,40,48,46
2004,Geography,Owens,Alayna,53,67,32,57,69,52,49,81
2002,History,Hatcher,Celestia,55,58,58,52,50,56,59,54,59,52
2003,History,Kwong,Tia,64,61,63,69,63,60,60,63,63,65
2003,Maths,Reynoso,Elenora,75,81,89,77,77,74,75,86,70,80,76,85
2004,Maths,Engler,Ramsey,82,71,72,88,70,70,75,84,88,78,80,70
2004,Maths,To,Maxine,73,77,76,80,83,71,78,75,77,79,90,75
2000,Geography,Frizzell,Reta,42,50,45,42,45,43,42,48
2002,Geography,Wadsworth,Jonna,68,67,70,70,61,70,69,69
2002,Maths,Mcdade,Mike,61,70,50,65,53,51,66,64,62,69,52,55
2001,History,Huskey,Michele,54,55,57,59,58,51,53,58,54,53
2004,History,Brock,Armond,47,58,45,47,58,40,54,80,63,58
2001,History,Brown,Aaron,53,55,57,58,50,53,55,60,57,54
2002,Geography,Gaines,Bette,67,64,62,70,70,62,65,65
2000,Maths,Scholl,Karim,44,49,42,45,44,47,43,50,46,41,47,40
2000,History,Kasper,Jere,48,45,46,49,46,41,47,43,47,42
2004,Maths,Byler,Kasie,74,76,81,87,80,82,74,88,77,82,79,73
2000,Maths,Quimby,Worley,41,43,41,41,43,47,46,41,47,48,46,41
2004,Maths,Sibley,Kaiden,78,84,84,83,76,71,89,79,85,76,84,73
2002,History,Grisham,Mikal,70,64,63,70,69,70,60,63,62,69
2001,Maths,Dingman,Vira,58,59,52,60,60,51,50,55,59,56,59,58
2003,History,Carrizales,Vassie,68,62,68,66,68,63,70,69,67,70
2003,Maths,Gladney,Xiomara,71,85,76,81,72,75,73,76,86,76,71,71
2003,Geography,Honeycutt,Elder,62,61,70,67,62,67,63,70
2001,Geography,Pearsall,Yadiel,50,43,46,43,48,43,41,47
2002,History,Hawk,Electa,66,69,62,69,64,63,68,64,67,61
2001,History,Fang,Mikayla,58,54,58,53,58,57,59,50,50,52
2005,Geography,Abram,Tasha,60,44,43,74,82,82,58,66
2004,Maths,Newman,Alvin,88,79,74,85,74,75,88,88,82,89,75,76
2000,Maths,Abbott,Aurelio,42,49,44,40,43,45,47,45,50,46,46,46
2003,Maths,Glass,Blaine,80,78,76,79,88,87,83,78,90,74,86,83
2002,History,Koerner,Shana,69,65,66,67,67,65,66,66,65,65
2003,Geography,Dowdell,Winford,66,63,63,66,61,70,60,69
2000,Geography,Tamez,Nila,48,48,40,41,46,48,45,42
2001,Geography,Lee,Abigayle,41,48,42,40,47,40,49,42
2003,Geography,Ledezma,Neil,70,61,70,61,62,67,60,65
2001,Maths,Kinser,Tomeka,53,57,57,50,50,57,59,54,53,54,58,53
2003,History,Comstock,Jason,66,60,65,66,67,62,70,62,67,63
2005,History,Pettit,Desean,85,61,80,85,88,42,44,84,70,45
2000,Geography,Moss,Anjanette,50,40,40,43,45,40,48,45
2002,History,Zimmer,Doshia,67,63,69,60,70,68,69,62,64,68
2001,Geography,Ruth,Ema,40,46,49,44,45,44,44,48
2001,Maths,Strobel,Raelynn,53,50,53,52,55,52,53,50,52,56,51,53
2000,Maths,Frazee,Tobie,50,47,45,45,42,46,50,49,48,43,46,46
2004,History,Radcliff,Thomas,50,43,78,50,78,90,87,48,57,73
2005,History,Roy,Azaria,64,48,69,66,50,75,68,77,71,85
2002,History,Raley,Nikole,69,68,63,66,70,68,64,67,70,68
2000,Maths,Cato,Lillie,41,50,47,50,50,42,43,48,49,43,44,45
2000,History,Jacobson,Benjman,41,46,49,42,44,48,41,46,40,40
2002,History,Hudspeth,Zeta,69,66,63,64,61,60,64,69,64,69
2002,Geography,Swindle,Watson,62,67,64,68,62,60,62,62
2004,Maths,Hoy,Josiephine,72,86,73,74,75,87,84,81,84,81,83,86
2001,History,Daily,Isabella,60,59,57,56,60,56,55,57,50,50
2000,Maths,Gupta,Jaret,41,48,48,48,44,48,49,49,49,40,41,46
2002,Geography,Allen,Ada,60,63,70,64,63,70,66,64
2004,Geography,Zimmermann,Milford,77,60,54,60,67,71,46,77
2005,History,Coble,Kathryn,81,58,68,80,49,58,59,72,81,78
2005,History,Talbert,Hortensia,40,90,72,72,41,72,53,45,73,49
2001,History,Herman,Beula,59,50,56,53,53,54,52,53,58,53
2000,History,Ayers,Bradyn,47,40,43,40,42,46,46,44,49,50
2000,Maths,Wellman,Isom,50,42,47,42,43,41,44,42,48,49,41,41
2002,Maths,Wang,Aracely,57,51,56,66,57,58,50,54,67,65,55,60
2000,History,Whittaker,Ela,42,44,47,45,45,45,43,46,43,47
2002,Geography,George,Allyson,67,62,69,64,61,64,68,62
2001,Geography,Schreiner,Leroy,43,43,41,41,40,42,45,46
2004,History,Bierman,Wilda,82,51,47,70,68,40,79,79,70,51
2000,History,Leos,Wendell,50,41,50,50,46,46,48,45,47,47
2001,History,Swift,Collins,57,52,57,53,50,52,59,60,56,51
2003,Geography,Cloud,Ferdinand,61,67,62,64,64,64,67,60
2003,Maths,Herndon,Deon,76,85,85,71,90,83,73,73,86,76,79,83
2002,Geography,Osburn,Lucia,66,61,62,67,64,68,65,67
2000,History,Tompkins,Conard,42,42,46,47,50,41,46,49,44,40
2005,History,Anton,Ocie,68,71,44,48,72,44,61,85,40,58
2003,Geography,Wilk,Roxann,70,62,60,68,68,69,61,67
2001,Geography,Boyles,Jackeline,52,59,50,57,55,50,53,56
2003,Geography,Lipscomb,Gigi,62,70,63,61,63,65,66,63
2001,History,Dee,Paralee,57,55,52,60,60,54,51,53,53,60
2003,History,Sadler,Darold,68,64,62,65,65,63,62,67,65,60
2005,Geography,Fawcett,Pamella,55,67,68,68,55,52,82,70
2004,History,Tejeda,Jefferey,42,67,69,60,44,73,80,71,65,45
2005,Geography,Moody,Arlen,48,61,77,46,57,64,74,60
2000,History,Hazelwood,Niles,45,44,49,48,41,44,47,44,40,47
2004,History,Lentz,Essa,78,51,71,89,52,89,51,65,57,78
2003,Maths,Badillo,Maximus,70,85,77,88,77,87,76,74,80,74,84,81
2003,Maths,Kauffman,David,80,84,70,75,86,79,77,73,86,85,85,73
2005,Maths,Runyan,Paisley,59,64,51,45,50,68,60,48,69,72,81,75
2001,Geography,Harvey,Aloysius,59,58,52,56,51,58,60,52
2002,History,Rocco,Norberto,60,65,65,69,69,67,70,66,68,68
2000,History,Landa,Roel,45,42,43,50,43,49,47,40,45,46
2005,Geography,Holmes,Alessandro,65,58,85,68,61,62,80,55
2002,Maths,Rowland,Buck,67,50,53,54,69,61,70,54,62,57,55,54
2001,History,Cavanaugh,Duane,55,57,56,52,54,57,56,51,56,51
2005,Maths,Arce,Essence,85,74,77,70,64,60,70,79,63,53,57,71
2003,Geography,Zachary,Nikko,60,64,65,61,62,67,63,61
2005,Maths,Ceballos,Irva,51,43,58,80,80,52,78,52,88,53,69,55
2002,Geography,Sterner,Tenika,60,60,62,64,64,68,69,68
2000,Maths,Vallejo,Euphemia,50,50,46,46,44,47,49,47,41,43,47,40
2005,Maths,Tran,Alfred,89,68,79,46,50,77,42,69,76,62,44,72
2002,Maths,Tarver,Kaylin,65,68,50,60,61,61,53,50,67,55,50,66
2005,Geography,Looney,Gerald,67,73,60,46,66,62,90,57
2000,Geography,Spring,Kitty,40,48,43,50,48,47,50,46
2003,History,Birmingham,Ota,66,65,66,60,69,70,64,65,67,68
2002,Maths,Kim,Ainsley,69,61,65,52,54,69,59,63,55,69,55,68
2003,Maths,Christopher,Celena,71,87,77,85,72,89,86,73,71,80,76,78
2000,Maths,Judge,Jed,43,48,46,46,41,49,50,46,40,45,46,49
2000,Maths,Tennant,Latasha,45,48,49,50,49,44,47,47,43,50,49,44
2002,Maths,Silvers,Mandy,53,54,51,60,61,55,68,70,58,56,59,69
2002,Geography,Allman,Little,63,61,60,60,68,68,63,63
2005,Maths,Kinard,Nakia,81,68,49,78,50,43,48,59,81,44,72,70
2001,History,Slade,Harvey,60,60,51,56,54,60,56,55,52,58
2004,History,Segovia,Kaaren,64,90,58,65,84,85,89,82,74,82
2005,History,Chiang,Marcy,81,51,80,89,71,79,48,66,66,66
2001,Maths,Oreilly,Ieshia,51,51,50,51,52,57,59,52,50,56,60,52
2000,Geography,Florez,Kenna,45,46,45,49,42,48,48,41
2004,Geography,Calvo,Syble,81,63,73,60,89,45,86,65
2003,History,Esparza,Cael,61,70,62,67,62,64,63,64,67,69
2000,Maths,Byrum,Samual,44,45,50,41,42,46,50,46,40,42,41,49
2002,Maths,Mendes,Leticia,58,58,51,63,70,59,63,52,64,65,69,53
2000,Maths,Walden,Clovis,44,41,47,47,42,41,40,41,46,50,40,41
2001,Geography,Earls,Ressie,54,51,55,55,50,59,52,58
2000,Geography,Stoner,Elvina,44,49,47,45,41,41,49,41
2003,History,Woodman,Siobhan,65,66,60,63,69,65,69,61,69,65
2005,Geography,Thorson,Monserrat,64,90,59,85,83,60,52,44
2003,Geography,Mitchell,Addie,64,65,68,60,69,64,62,61
2004,History,Sweeney,Aurore,60,75,84,77,77,41,83,49,68,71
2000,Maths,Richard,Auguste,41,48,43,50,44,44,43,48,49,46,44,40
2000,Geography,Bidwell,Zaid,46,42,44,48,42,43,50,48
2005,Geography,Perrine,Trever,74,52,73,76,48,77,87,45
2001,History,Prater,Dessa,58,58,56,57,56,52,54,51,56,58
2001,Maths,Glynn,Kameron,55,55,55,54,60,56,51,55,53,50,50,54
2003,History,Casteel,Lavonne,63,61,68,62,70,61,65,67,60,67
2004,Geography,Thornton,Anatole,69,53,43,39,77,86,81,42
2001,History,Sorrell,Leamon,54,60,58,55,57,58,59,54,55,58
2003,Maths,Solomon,Bertrand,75,89,80,78,82,75,78,80,73,70,90,81
2002,History,Yi,Enoch,65,60,60,68,62,63,65,67,66,69
2000,Geography,Benjamin,Bridget,42,43,43,50,49,49,47,45
2000,Maths,Bramlett,Seneca,48,40,48,43,48,43,50,40,42,49,50,44
2000,Maths,Doughty,Hilary,41,49,47,40,40,42,40,44,40,44,40,49
2004,History,Easley,Eller,64,68,53,62,84,59,70,64,87,45
2004,History,Pinckney,Patric,79,55,70,87,81,67,41,59,82,47
2000,Maths,Thacker,Davis,49,41,46,49,42,49,48,47,44,50,48,42
2005,Maths,Whiteley,Yolonda,51,77,81,42,90,49,83,49,69,42,90,80
2003,Geography,Manson,Lenny,70,63,65,68,62,65,63,67
2005,Geography,Cooney,Haley,66,53,67,65,50,51,87,62
2002,Geography,Binkley,Marylyn,66,60,61,70,68,63,63,64
2005,Geography,Constantine,Theda,86,42,68,90,79,52,47,52
2000,Geography,Flory,Stuart,40,42,40,48,45,47,43,49
2005,History,Felts,Monica,48,59,56,70,49,75,51,44,87,64
2003,History,Mcqueen,Derrek,72,77,89,65,83,89,72,71,85,69
2000,Geography,Tuck,Johnny,49,48,40,42,47,44,43,40
2002,History,Burns,Alcie,69,60,62,69,66,66,68,69,60,60
2003,History,Sharma,Esperanza,70,61,60,87,67,80,77,86,82,74
2003,Maths,Cameron,Audy,73,79,81,88,75,86,78,73,80,90,81,70
2005,History,Talbot,Erlene,70,63,62,75,52,67,56,62,80,58
2003,Maths,Braddock,Valentin,90,84,89,88,85,84,85,90,75,71,74,84
2004,Maths,Livingston,Birtie,72,85,80,88,89,78,72,86,75,73,72,73
2001,Geography,Baines,Rosaline,52,58,57,54,53,53,50,55
2004,Maths,Dong,Mara,88,71,82,83,73,89,74,85,75,72,90,70
2003,Geography,Melton,Bambi,69,60,68,61,65,65,64,67
2005,Geography,Eldridge,Cleon,68,50,62,66,52,61,88,63
2005,Geography,Hill,Adan,72,43,70,66,41,56,75,78
2004,History,Elam,Flora,89,41,54,85,68,87,40,58,90,52
2003,History,Stroup,Malcolm,65,86,77,84,63,90,86,63,69,63
2002,Geography,Woo,Helmer,66,65,67,65,63,63,65,62
2000,History,Macy,Sydell,48,43,47,43,48,44,44,40,44,42
2001,Geography,Mendenhall,Jeremey,54,55,52,54,56,58,51,50
2005,Maths,Pace,Braden,80,85,85,57,49,71,43,60,87,50,60,61
2002,History,Hammett,Marilla,65,62,65,68,68,70,68,65,64,65
2002,Maths,Weller,Dwight,65,55,52,51,50,67,55,61,57,62,54,54
2000,History,Gillispie,Wirt,49,45,40,44,42,44,44,49,49,40
2003,History,Velazquez,Bobby,86,82,61,69,65,78,71,70,64,83
2004,Maths,Weimer,Leonel,81,80,74,80,86,90,74,85,87,79,78,82
2001,Maths,Mciver,Simona,55,59,59,58,55,50,54,60,51,58,50,51
2005,History,Goins,Dakoda,77,90,72,40,69,73,64,44,89,88
2000,Maths,Charlton,Jett,43,41,50,50,42,41,41,46,44,49,43,43
2003,Maths,Burg,Wanita,77,80,81,85,90,89,90,89,80,88,88,81
2001,Maths,Valadez,Elias,55,55,54,50,57,57,55,53,55,54,52,56
2005,History,Pate,Cecil,46,68,53,80,76,52,51,62,45,78
2000,Geography,Schuster,Douglas,46,43,42,40,43,47,48,48
2000,Geography,Sparkman,Malia,41,42,49,42,41,48,43,40
2001,Geography,Dodge,Dakotah,54,59,55,59,60,53,51,58
2000,History,Eck,Lucien,44,40,44,42,43,44,46,41,42,41
2005,Maths,Waldrop,Jamya,89,66,45,61,76,65,70,45,83,56,74,63
2000,History,Sisk,Guy,44,43,47,49,40,40,42,47,50,46
2004,Maths,Morey,Jamey,89,88,75,82,85,87,89,74,71,79,76,73
2000,History,Sorenson,Ellwood,41,17,45,50,43,46,48,46,41,43
2003,Geography,Yocum,Odalys,69,68,61,70,60,63,69,62
2000,Geography,Brink,Helena,47,40,50,44,43,41,41,47
2001,Maths,Diamond,Darrien,56,60,56,56,59,51,58,52,53,56,53,56
2005,History,Rager,Tiesha,81,57,65,66,54,42,75,47,52,48
2003,Maths,Braxton,Icie,74,83,80,70,71,80,76,78,82,70,71,76
2002,Maths,Lilley,Lyman,68,64,58,53,67,55,50,62,53,60,51,69
2002,History,Wilkins,Aryan,60,64,62,61,65,63,68,60,67,64
2005,Geography,Witherspoon,Gus,53,49,42,46,80,58,69,51
2002,Maths,Barnard,Delinda,62,56,57,62,60,69,60,65,62,69,54,59
2003,Geography,Hwang,Fran,61,60,66,66,64,69,67,61
2000,History,Gregory,Amelie,46,48,40,44,43,47,45,47,45,50
2004,History,Horvath,Elzada,55,81,46,67,80,68,77,61,90,86
2000,Maths,Barkley,Gerardo,50,42,44,46,47,46,44,49,42,48,43,48
2000,History,Obryan,Otho,40,45,43,49,44,40,40,47,48,44
2005,Maths,Huntington,Maurine,40,54,63,44,67,45,44,56,52,67,73,79
2004,History,Gantt,Khari,45,83,66,41,48,75,63,90,83,45
2005,History,Snyder,Aldo,69,90,81,48,55,54,60,85,64,53
2001,Geography,Gosselin,Rakeem,51,51,60,54,55,57,50,58
2004,History,Angle,Shedrick,83,62,88,76,81,56,56,51,77,85
2003,Geography,Faria,Signa,61,64,62,66,60,69,68,70
2004,History,Parkhurst,Rossie,84,43,56,41,65,76,86,67,78,88
2001,Geography,Deanda,Mearl,60,58,60,60,58,59,52,53
2005,Geography,Haggard,Latifah,42,90,65,63,79,51,57,45
2005,History,Scarborough,Harriette,42,89,69,86,71,40,80,44,72,75
2000,Maths,Dickey,Concha,44,47,50,44,45,40,45,40,41,50,40,41
2000,Maths,Burdette,Inger,50,41,46,49,41,46,46,48,40,49,48,48
2001,Maths,Newcomer,Taina,60,56,52,56,57,57,60,57,58,58,59,53
2001,History,Mckenney,Merton,52,51,50,59,51,57,57,57,54,54
2003,History,Lum,Leon,65,75,68,60,80,79,85,74,90,73
2004,History,Wilde,Jayden,85,73,76,63,52,77,86,82,41,59
2000,Maths,Beaver,Dagny,43,45,48,42,46,45,40,47,48,49,43,43
2001,Maths,Moye,Mason,53,57,54,58,51,56,56,53,50,60,52,53
2005,Maths,Sledge,Mable,82,80,59,85,69,71,40,75,83,52,55,75
2004,Geography,Marquez,Andrea,51,68,72,80,44,46,88,79
2002,History,Settle,Leona,61,62,66,62,68,64,63,63,62,65
2004,Maths,Watson,Adria,70,71,72,81,73,71,78,89,77,80,79,82
2003,Geography,Wingfield,Peter,87,77,74,78,74,76,72,73
2001,Geography,Ornelas,Dosia,51,55,52,60,60,51,56,52
2005,Geography,Boucher,Deliah,54,60,48,67,53,67,89,59
2004,Maths,Gavin,Franz,87,74,80,81,82,90,89,83,70,78,79,73
2001,History,Bivens,Karolyn,58,54,56,57,56,55,53,50,50,51
2004,History,Martini,Mavis,78,87,57,63,85,67,64,45,77,83
2002,Maths,Birdsong,Suzy,54,69,64,61,70,56,54,66,67,67,61,68
2000,Maths,Pepper,Hyman,45,40,41,50,40,43,48,48,41,42,45,40
2001,History,Krauss,Mickey,53,50,60,56,52,55,50,60,52,56
2003,Maths,Jeffries,Corrina,76,78,81,88,77,88,90,74,72,75,76,84
2003,Geography,Dugas,Melba,73,81,87,79,73,86,89,76
2003,Geography,Canter,Rene,75,77,84,74,81,83,74,79
2002,Maths,Heck,Florence,62,61,69,54,69,61,61,50,61,58,68,66
2000,Geography,Kovach,Karis,42,50,46,48,40,44,45,46
2002,History,Kunz,Josie,62,70,61,62,64,60,66,67,60,65
2002,Maths,Zhang,Bynum,52,66,66,69,65,61,57,60,66,66,60,55
2003,History,Dumas,Edmund,64,70,87,65,62,68,85,88,76,63
2001,History,Mcwilliams,Deana,60,56,53,52,59,59,53,55,51,55
2002,Geography,Rawls,Hyrum,68,63,70,70,66,70,65,65
2001,Geography,Fulcher,Nealy,57,57,52,59,50,53,59,53
2005,Geography,Whyte,Oliva,71,75,77,71,74,84,65,87
2001,History,Nestor,Sudie,59,57,54,56,53,52,51,60,57,53
2000,Maths,Cress,Rylan,48,45,44,45,46,50,42,41,41,45,41,48
2002,History,Leavitt,Gustaf,62,70,68,65,64,70,64,66,60,69
2005,Geography,Wharton,Hubbard,72,90,41,42,62,50,67,82
2002,History,Beeler,Loda,70,61,65,70,69,69,60,67,69,60
2001,Maths,Devries,Geovanni,59,51,50,59,58,53,53,59,54,57,55,51
2000,Geography,Dunham,Dalvin,48,46,46,49,49,43,43,42
2000,Maths,Metcalf,Columbus,43,50,43,46,47,50,49,43,45,50,48,45
2001,Geography,Rude,Yetta,51,55,51,52,59,60,58,52
2002,Maths,Bunch,Danica,64,60,54,60,62,67,69,66,55,63,64,50
2003,Geography,Dull,Vincenzo,78,85,87,73,77,80,87,89
2003,Maths,Velasquez,Artis,80,79,82,84,87,78,89,80,76,73,87,86
2000,Maths,Klein,Andres,49,46,42,45,50,41,42,46,41,49,40,40
2000,Maths,Graber,Jaquan,49,44,50,46,48,47,40,45,40,40,50,46
2003,History,Read,Echo,79,72,71,86,63,86,76,86,66,85
2003,Geography,Dotson,Candace,71,82,90,83,74,87,74,70
2000,History,Kocher,Regan,46,50,45,44,41,48,50,47,45,47
2004,History,Bonham,Nathaniel,85,40,63,87,59,65,53,46,44,45
2003,Geography,Weir,Desiree,89,89,81,75,86,77,86,88
2000,Geography,Emmons,Gaston,45,40,41,50,47,47,44,43
2003,Geography,Rico,Derik,89,73,81,76,86,76,83,76
2004,History,Gwin,Vessie,80,62,75,46,43,78,66,65,56,56
2001,Maths,Haddock,Lukas,54,52,60,58,57,53,58,58,56,58,50,54
2001,History,Summers,Ashby,57,56,55,59,60,50,51,50,56,51
2005,History,Seitz,Griffin,82,50,77,74,76,82,80,59,42,50
2002,History,Faison,Louann,62,62,62,63,64,67,69,65,64,65
2001,Maths,Fischer,Antoine,55,55,51,51,53,54,60,59,56,52,50,51
2004,Maths,Castro,Algot,71,84,79,72,78,78,86,87,82,74,89,81
2005,Maths,Muller,Chelsey,61,43,85,55,60,47,88,68,40,89,48,46
2002,Geography,Champagne,Horton,62,70,64,66,60,67,63,70
2005,Geography,Lam,Bernadette,42,77,62,78,40,67,57,82
2003,Geography,Chastain,Freida,84,74,78,81,77,73,78,85
2002,Maths,Grabowski,Kavon,66,55,57,57,56,61,59,63,60,54,63,61
2002,Maths,Tovar,Collier,58,56,61,69,60,50,57,70,58,58,52,69
2004,Geography,Dvorak,Lulu,75,63,41,52,67,68,63,70
2000,Geography,Seale,Samuel,50,43,48,49,42,50,45,47
2001,Maths,Neville,Ibrahim,55,60,58,55,58,51,57,52,60,56,53,52
2000,History,Carrier,Freeda,40,46,43,46,50,43,44,43,44,49
2004,History,Ferris,Darryle,42,41,83,65,69,84,59,75,57,55
2002,Maths,Shull,Kadyn,58,65,56,65,69,58,56,66,65,69,69,54
2005,Geography,Pruitt,Bethzy,87,64,87,65,64,74,65,67
2001,Geography,Lemmon,Pascal,59,58,59,58,55,52,56,50
2000,History,Lafferty,Jeraldine,47,42,46,46,40,42,49,40,41,48
2002,History,Hilton,Chace,63,66,67,60,64,68,66,69,70,65
2003,Maths,Womble,Talmage,83,82,77,78,71,70,70,71,74,79,87,76
2003,Maths,Kuhlman,Polk,87,72,85,83,83,70,71,71,81,75,75,71
2003,Geography,Byars,Nanci,74,90,71,87,70,90,70,87
2001,History,Victoria,Tyrone,58,50,58,57,60,59,58,58,56,59
2001,Geography,Siddiqui,Tobin,51,59,58,56,59,52,59,55
2000,Maths,Mickelson,Mallie,40,41,42,45,46,43,45,47,42,46,40,45
2005,Maths,Lanning,Kymani,51,56,61,78,67,72,80,82,65,40,72,44
2002,Maths,Delatorre,Davey,57,52,59,68,59,60,62,53,69,63,68,65
2002,Geography,Villa,Boone,67,61,66,70,67,64,64,63
2002,History,Napolitano,Mat,63,63,67,67,67,65,61,63,63,60
2004,Geography,Widener,Sina,77,66,51,80,46,76,78,53
2005,Maths,Gifford,Demetric,83,67,56,66,48,68,52,40,41,89,60,68
2005,Geography,Mckenzie,Ashlea,47,63,72,90,78,76,78,65
2003,Maths,Velarde,Norton,70,82,85,80,73,83,89,77,90,72,87,82
2000,History,Terrell,Burleigh,40,49,50,42,50,41,47,48,42,44
2002,Maths,Woods,Alberto,54,67,57,61,55,61,65,61,66,51,63,51
2005,Maths,Starks,Denny,88,85,49,86,87,76,56,75,57,60,59,43
2000,Maths,Mazur,Keshia,47,42,42,47,44,41,45,42,46,43,48,49
2000,Geography,Dyer,Beda,49,50,48,46,42,41,42,50
2003,Maths,Maki,Kareem,84,86,80,72,88,75,86,70,70,76,83,70
2000,Maths,Matthews,Alleen,46,40,43,47,50,50,40,44,41,40,49,46
2002,Geography,Barreto,Mariela,60,67,66,66,60,70,63,68
2002,Geography,Orcutt,Velva,65,60,67,63,70,68,63,64
2000,Geography,Wynne,Jovani,44,46,44,47,43,44,42,44
2004,History,Bayne,Salvador,76,66,69,56,48,45,66,76,63,90
2001,History,Marek,Madeleine,59,50,55,51,50,60,53,58,52,52
2002,Geography,Morrell,Hughes,60,70,65,66,61,64,63,68
2003,Maths,Slone,Herschel,81,83,78,89,87,78,78,83,83,76,86,72
2003,History,Rickman,Ora,87,63,64,83,89,85,75,83,81,90
2005,Geography,Salas,Barnie,79,42,77,41,83,40,43,56
2002,Maths,Boatman,Shirley,67,68,58,64,63,63,62,52,61,64,63,68
2003,Geography,Brett,Stanton,85,86,72,88,84,70,86,80
2002,Maths,Reel,Stephanie,51,65,50,68,60,67,62,51,70,69,55,54
2002,History,Sessions,Marilou,66,70,67,63,63,64,60,64,62,63
2000,Geography,Rick,Tamica,45,40,47,40,42,47,47,45
2004,History,Jack,Ferd,72,60,80,71,54,41,81,58,67,80
2002,Maths,Fusco,Kieth,53,56,62,65,65,67,56,53,63,67,64,70
2001,Geography,Crawford,Aleah,60,54,56,54,50,51,58,50
2005,History,Jarvis,Bunk,79,54,70,89,67,63,67,77,49,69
2003,Geography,Chaffin,Journey,84,90,89,80,80,78,77,83
2000,History,Zepeda,Danyell,43,40,40,44,41,50,43,46,44,50
2004,History,Desmond,Mariann,58,62,57,43,61,79,76,59,41,58
2003,History,Carrigan,Orrin,70,80,75,61,72,81,67,85,88,64
2005,Maths,Fuchs,Gino,72,75,67,64,66,57,47,88,87,40,45,84
2000,Maths,Farrar,Evalena,42,42,45,48,40,49,41,40,46,46,44,47
2005,Maths,Lester,Bernardine,82,41,84,51,73,68,79,80,58,85,55,63
2004,Maths,Amerson,Valentino,78,80,87,74,82,85,87,84,76,88,74,87
2000,Geography,Cromer,Lillard,47,41,49,46,49,40,46,42
2004,History,Grady,Clarke,78,54,90,62,77,42,71,66,64,65
2000,Maths,Krieger,Jakobe,43,40,49,40,48,49,48,40,46,40,41,46
2005,History,Velasco,Cordelia,80,67,48,48,63,62,72,87,73,73
2005,Geography,Grace,Chelsie,78,65,84,76,44,47,62,67
2000,Geography,Etter,Tony,40,48,45,47,44,44,40,49
2005,History,Welty,Waverly,53,65,64,60,67,81,86,59,40,90
2003,Geography,Reyes,Adrianne,89,90,70,83,88,75,79,76
2002,History,Gault,Otelia,65,69,68,68,65,63,64,63,60,62
2002,History,Klotz,Prentice,70,66,60,69,62,69,68,64,68,65
2000,Maths,Williamson,Alonzo,50,41,45,49,46,47,50,45,44,44,46,45
2001,Geography,Muse,Imani,52,56,57,54,58,53,58,57
2004,Geography,Schroeder,Ardella,58,90,73,49,88,54,76,75
2003,Geography,Lemus,Edson,89,84,81,78,85,74,73,85
2005,History,Mcintire,Jaquelin,80,85,77,77,42,46,82,52,68,65
2005,History,Decker,Asia,69,85,71,60,51,48,40,51,74,78
2003,History,Gilliam,Chadd,72,60,90,80,81,64,81,82,79,69
2002,Geography,Wiley,Bascom,64,61,60,62,68,68,67,66
2001,History,Woodson,Efrain,60,54,50,60,55,56,52,52,54,59
2000,Maths,Schmidt,Alexandre,47,50,42,46,42,40,45,47,48,40,40,45
2000,Geography,Nunley,Kristy,43,45,50,49,46,40,42,48
2004,Maths,Sherlock,Tomasa,81,42,46,48,53,76,86,58,41,82,82,77
2001,Maths,Novotny,Myrta,52,59,60,53,57,54,54,58,51,55,58,54
2003,Maths,Mcardle,Shianne,90,86,70,81,87,74,88,81,90,88,83,79
2004,Geography,Burkett,Dola,66,56,72,86,42,75,86,75
2005,Maths,Mckeon,Margretta,82,59,83,76,70,49,42,86,80,47,82,55
2005,History,Jacques,Gerard,80,79,73,53,85,60,62,79,73,74
2001,Geography,Orosco,Lorelai,50,57,56,50,59,58,55,54
2000,History,Colton,Olen,40,48,41,41,50,43,44,40,43,45
2000,History,Lake,Carleton,50,42,46,40,46,48,47,42,41,42
2005,Geography,Ibrahim,Kirk,63,84,44,55,61,46,62,44
2005,Maths,Ryan,Alexis,58,85,79,63,75,65,68,64,77,81,75,56
2002,Geography,Corder,Melina,61,69,65,70,64,65,68,61
2000,History,Santos,Alwin,50,47,48,43,44,43,47,40,42,48
2002,Maths,Pettis,Masao,53,70,63,69,54,65,57,52,64,70,68,60
2000,History,Gaudet,Zena,44,40,48,49,43,48,45,46,43,49
2003,Maths,Powers,Amaris,80,89,82,71,70,77,90,77,88,82,90,81
2004,Maths,Lowery,Beyonce,74,70,81,75,43,90,60,83,61,63,77,75
2003,Geography,Noll,Jenniffer,76,89,71,83,86,76,82,86
2002,Maths,Olds,Machelle,51,55,57,64,56,70,66,70,66,58,51,57
2000,History,Armendariz,Josefita,42,45,48,43,41,41,43,49,46,41
2003,Geography,Baggett,Glynda,81,83,79,70,76,79,76,85
2003,Maths,Rowell,Emelie,84,82,90,89,86,87,74,86,79,82,76,76
2002,History,Kohl,Kathern,65,61,67,64,68,69,70,64,61,60
2003,Geography,Carlson,Ally,84,89,89,86,82,89,78,85
2001,Maths,Coe,Edgardo,51,53,58,59,60,59,60,60,57,59,60,57
2002,Geography,Clegg,Louella,60,63,60,69,65,67,61,64
2002,History,Sturgeon,Keyon,61,64,68,69,66,69,69,63,63,70
2000,Geography,Grau,Terance,48,49,42,48,41,46,45,42
2003,History,Caskey,Rosa,62,70,70,70,79,61,64,86,63,60
2003,History,Cawley,Sherron,70,81,66,77,64,87,79,69,80,79
2002,Geography,Randle,Gaye,69,60,70,66,69,60,63,66
2000,History,Mccall,Bird,46,42,50,47,43,44,48,43,46,46
2001,Geography,Garrido,Rosanna,59,60,53,59,57,50,58,60
2004,Maths,Steinberg,Ginger,89,67,84,74,44,49,74,62,67,84,69,54
2005,Maths,Jacks,Penny,82,50,53,55,84,75,65,63,55,83,52,59
2003,Geography,Ott,Ciji,80,75,77,90,85,74,74,77
2005,Geography,Hutchens,Linus,72,58,85,75,50,87,63,46
2005,History,Levy,Brittnee,68,61,64,76,41,78,90,56,53,82
2005,History,Cao,Irene,79,59,77,56,59,43,74,73,67,41
2005,History,Kowalczyk,Shasta,53,46,74,57,88,48,74,41,80,67
2000,Maths,Hernandes,Marc,48,48,45,44,49,45,41,49,45,49,47,45
2005,History,Scholz,Terrie,69,57,40,64,41,56,87,47,67,83
2002,History,Macmillan,Santiago,63,68,62,64,69,70,66,60,70,63
2004,Geography,Hamer,Nayeli,56,58,42,90,47,84,50,67
2005,Maths,Grimsley,Rosemary,62,82,63,74,48,69,75,68,60,48,81,89
2001,Geography,Packard,Juliana,52,55,58,51,51,59,54,54
2000,Maths,Sackett,Seamus,44,40,47,47,41,47,46,48,43,46,50,42
2005,Geography,Quevedo,Sabina,82,49,85,47,55,42,58,53
2000,Geography,Rose,Alexander,44,43,47,46,46,42,45,44
2003,Geography,Stern,Clemens,86,85,85,76,76,85,77,77
2003,Geography,Carmack,Sariah,74,71,87,78,73,87,85,78
2001,Geography,Stovall,Elie,50,56,59,55,58,60,56,51
2000,Maths,Bacon,Cassie,49,47,44,45,44,43,42,41,46,47,41,42
2000,Maths,Frey,Caesar,46,40,40,45,47,49,43,42,45,40,44,43
2003,Geography,Garner,Anner,90,86,73,73,83,83,83,79
2000,History,Clifton,Cleo,48,49,41,43,47,43,46,49,45,49
2001,History,Wooden,Mikala,53,56,51,50,50,60,59,56,50,60
2001,Geography,Pan,Leeroy,50,50,56,54,54,54,52,54
2000,Maths,Hartnett,Osvaldo,50,42,43,47,45,46,47,43,45,46,41,50
2005,Geography,Hixson,Omarion,84,80,67,71,75,76,57,72
2005,Maths,Chun,Imogene,42,52,54,87,56,72,42,77,56,45,44,77
2004,Maths,Hagerty,Sheila,69,82,60,83,90,85,50,87,87,42,46,54
2000,History,Harley,Holland,49,43,45,47,48,41,43,46,44,46
2004,History,Conner,Arlena,50,83,68,62,53,57,72,52,43,75
2000,Geography,Love,Anfernee,47,46,45,49,47,40,40,40
2000,History,Ledesma,Erick,49,44,46,45,40,50,50,48,50,46
2005,Maths,Floyd,Ariella,43,54,82,45,77,74,57,42,51,77,65,53
2003,Maths,Wu,Ben,77,71,74,85,76,74,71,79,71,83,85,82
2002,History,Kwan,Linnie,66,63,65,62,64,68,61,62,67,67
2003,Maths,Bolen,Kaylynn,84,89,78,81,71,85,81,78,79,85,88,83
2002,Maths,Beckley,Storm,67,57,58,67,50,55,62,54,67,59,54,50
2001,Maths,Barnwell,Zayden,54,55,60,53,57,54,55,54,60,59,53,58
2004,History,Behrens,Jayvion,84,44,62,87,40,56,48,49,45,45
2005,History,Rae,Versa,70,41,79,60,46,47,61,48,78,78
2002,Maths,Brumfield,Hudson,54,66,53,69,51,52,66,55,64,52,53,70
2004,History,Crews,Coraima,43,75,72,62,47,56,64,49,89,64
2005,Geography,Alston,Chad,65,57,76,41,67,74,64,70
2001,History,Schoen,Leatrice,58,50,56,53,59,56,56,55,54,55
2003,Geography,Brill,Kason,82,72,83,70,84,79,86,82
2002,Maths,Reilly,Blas,50,56,67,52,56,52,53,57,64,50,53,62
2002,Maths,Whitaker,Assunta,64,67,64,56,54,68,53,55,52,69,52,70
2002,History,Acuna,Gordon,69,67,64,64,64,68,64,70,67,69
2003,History,Fogg,Rosaria,67,60,89,63,84,88,87,87,67,63
2001,History,Tanaka,Lisha,50,54,55,60,51,54,53,55,58,51
2004,Maths,Gould,Brayan,73,58,43,88,87,87,60,77,51,52,78,80
2001,Maths,Faber,Jeffrey,57,55,55,56,58,54,60,53,53,53,52,51
2002,Maths,Hulsey,Karel,59,52,69,56,66,53,61,60,51,62,68,67
2002,Maths,Jaffe,Precious,70,52,52,54,54,66,54,50,50,69,65,60
2002,Maths,Harlow,Inga,61,59,69,54,63,68,70,57,63,59,62,68
2000,History,Carbajal,Erling,45,41,43,44,42,49,43,47,43,40
2005,Maths,Welch,Altie,83,80,73,71,85,63,80,88,70,51,41,60
2002,History,Bell,Adlai,66,60,66,69,65,66,60,70,66,65
2004,History,Pattison,Tosha,78,49,81,67,75,46,47,74,65,40
2002,Geography,Seaman,Gaige,69,62,62,65,62,60,66,67
2003,History,Guyer,Tiana,69,85,76,62,72,83,62,67,77,79
2001,History,Mcculley,Sandy,57,50,50,56,54,56,52,55,57,55
2002,Geography,Bills,Joe,62,70,70,61,60,67,67,67
2005,Geography,Dahl,Dave,49,64,87,46,48,45,76,72
2004,Maths,Schlosser,Marjorie,59,74,81,43,67,77,79,83,51,69,75,46
2005,History,Duckworth,Hazel,83,90,63,61,70,56,40,53,51,68
2002,Geography,Delgadillo,Ireland,63,65,64,67,62,65,68,64
2005,Geography,Griffith,Angelic,56,42,40,90,54,75,53,80
2000,History,Truitt,Kaiya,46,45,44,43,50,50,45,41,48,43
2003,Geography,Light,Edmonia,78,89,72,86,70,78,77,75
2000,History,Whelan,Ingeborg,45,46,45,40,45,45,46,44,40,48
2002,Maths,Nolan,Berlin,68,52,66,54,55,63,61,61,58,65,69,59
2001,Geography,Rawson,Octavie,59,53,50,58,60,58,57,54
2004,Geography,Banda,Iver,63,56,84,88,43,44,87,73
2005,Geography,Cutler,Erich,76,53,85,75,41,55,78,69
2000,History,Kern,Chantal,42,50,41,41,45,48,47,40,48,43
2003,Maths,Michalski,Merrill,78,74,76,73,77,75,86,74,79,76,72,78
2002,Maths,Harding,Brandi,61,64,67,61,51,61,66,52,57,61,50,56
2004,History,Musser,Justus,42,83,48,68,88,69,72,65,80,72
2000,History,Self,Corinne,50,41,50,46,50,48,40,42,45,49
2000,Geography,Mcclelland,Foy,42,42,42,43,45,49,46,47
2005,Maths,Rasmussen,Brittney,58,53,50,75,80,61,49,67,73,80,88,74
2003,Geography,Song,Earley,90,77,80,81,74,83,87,83
2003,Maths,Reyna,Charlottie,79,87,88,80,83,84,77,80,77,83,80,76
2001,Maths,Dobson,Diana,53,59,55,58,58,54,51,53,56,60,60,54
2001,Geography,Lane,Alivia,55,53,53,52,50,59,57,55
2002,History,Boykin,Edwardo,61,66,61,68,66,61,62,66,65,61
2005,History,Jones,Ab,58,50,87,57,49,78,49,47,54,47
2000,History,Butt,Milton,49,47,47,44,48,41,41,49,50,49
2005,History,Gebhardt,Tisha,59,67,44,67,67,40,58,77,66,81
2003,History,Castle,Deforest,62,63,89,71,73,79,62,64,80,88
2000,Geography,Crossley,Selma,40,47,43,47,47,43,49,49
2003,Geography,Troy,Lillianna,79,79,70,84,72,90,89,71
2004,Geography,Preciado,Josefina,56,74,70,89,45,53,90,87
2002,Geography,Rutledge,Christene,70,64,60,66,66,63,70,66
2002,Maths,Mclaughlin,Anna,54,50,65,56,70,68,53,67,66,53,52,63
2004,History,Bone,Jaheem,44,49,40,45,42,76,72,80,87,51
2005,History,Sattler,Zelma,70,74,51,87,66,90,59,70,49,73
2004,History,Finch,Carter,80,64,77,79,49,44,45,70,42,76
2002,Maths,Mundy,Julius,65,69,53,69,51,60,70,54,50,56,69,53
2003,Geography,Pino,Jolene,73,81,75,84,86,86,72,87
2003,Geography,Skidmore,Jahir,83,78,73,76,87,78,83,85
2005,Geography,Calloway,Elmira,59,76,50,53,69,70,80,79
2004,History,Rupp,Ilo,47,58,44,86,80,60,41,87,49,68
2001,Geography,Wilks,Kia,52,54,58,50,60,52,51,58
2000,History,Mintz,Refugio,40,46,50,47,44,49,43,42,44,49
2002,Maths,Boyer,Azul,60,58,61,57,58,53,54,58,50,70,50,69
2005,Geography,Franks,Cas,86,42,68,40,46,44,55,90
2005,Maths,Leary,Era,87,58,77,49,41,53,90,68,78,84,64,80
2002,Geography,Bush,Anastasia,67,67,61,69,61,62,65,69
2004,Maths,Matias,Marco,75,61,62,59,58,74,58,71,59,46,78,76
2000,Maths,Jiang,Kisha,46,43,46,44,41,48,46,46,41,42,48,45
2004,History,Engelhardt,Vesta,47,83,52,56,76,76,49,72,73,41
2003,Maths,Gaither,Jaxson,76,76,71,83,90,79,89,79,76,82,86,71
2003,Geography,Cooksey,Metta,71,89,72,87,80,86,73,89
2003,Maths,Dehart,Jory,85,70,84,84,88,79,81,77,84,80,87,80
2000,Geography,Wentz,Lakisha,50,45,50,46,43,43,43,44
2003,Geography,Haire,Rosina,89,87,71,76,87,82,74,73
2002,Maths,Lefebvre,Rachelle,54,56,70,54,67,61,57,62,60,54,64,59
2005,Maths,Szabo,Luciana,66,88,47,68,64,82,67,48,64,83,46,65
2002,Geography,Holden,Burdette,62,67,65,64,66,70,65,64
2002,Geography,Prasad,Osa,67,70,61,63,67,61,63,60
2001,Geography,Peace,Kinte,57,51,50,57,51,60,52,52
2005,Geography,Morehead,Lucille,65,49,57,55,49,80,53,74
2003,History,Edgerton,Wm,90,75,72,70,73,70,83,75,82,73
2005,Maths,Suarez,Baylie,41,82,86,75,66,60,86,68,42,77,64,69
2002,Maths,Belcher,Chana,63,70,53,54,53,57,70,51,56,55,53,59
2005,Geography,Norwood,Dandre,82,83,58,81,40,52,61,80
2005,History,Kipp,Rafael,40,86,72,73,68,56,49,72,68,79
2003,Geography,Hairston,Esco,90,83,86,83,73,72,82,75
2001,Geography,Fong,Edris,60,59,50,57,58,59,55,50
2000,Maths,Guest,Kael,50,43,47,45,41,48,43,45,40,43,49,47
2005,History,Waters,Ardith,80,79,72,50,85,87,55,59,49,77
2001,Geography,Deering,Rock,58,56,51,54,59,59,59,57
2004,Maths,Barnhill,Keagan,69,86,89,47,70,65,90,67,62,41,68,65
2005,Geography,Jasso,Jerrad,54,42,70,90,68,65,74,66
2004,History,Sanabria,Nanna,74,78,63,56,48,42,54,85,61,65
2000,Maths,Richey,Dolly,45,42,44,40,42,50,47,47,46,42,50,48
2005,Maths,Kaiser,Caitlyn,69,67,84,81,83,89,86,64,66,45,78,45
2005,History,Beyer,Doloris,62,90,47,42,58,68,66,86,90,86
2001,Maths,Villarreal,Ayanna,59,56,60,58,56,53,60,60,50,59,60,50
2003,Geography,Myer,Noe,87,76,76,81,72,83,71,81
2005,History,Rayburn,Lacey,65,77,40,53,72,61,66,85,44,87
2005,History,Barnum,Rhiannon,54,70,63,42,47,75,75,85,45,45
2005,Maths,Bott,Rayshawn,68,47,66,83,43,56,66,87,64,47,68,87
2005,Geography,Wooten,Carole,53,44,68,68,64,44,68,43
2001,Geography,Acton,Wynona,59,50,60,54,58,59,60,55
2003,Maths,Carlton,Darryn,72,80,82,83,83,76,75,80,74,81,84,76
2005,Maths,Ong,Lynsey,83,57,42,68,47,86,40,51,86,86,90,61
2000,History,Linder,Friend,45,41,45,49,47,41,42,42,45,43
2001,History,Coats,Ena,52,50,55,56,57,54,53,58,54,59
2001,Geography,Ahern,Leslee,53,51,53,60,59,51,50,50
2000,History,Pitts,Barbra,42,45,50,50,41,42,46,45,45,46
2002,History,Maley,Vance,65,60,70,63,69,60,62,66,62,62
2003,History,Keefe,Jacki,76,66,90,82,72,61,67,82,72,76
2004,History,Quiroz,Della,62,47,54,78,54,69,74,67,50,82
2004,Geography,Nakamura,Lonzo,89,45,57,57,87,59,61,64
2002,Geography,Nielsen,Birtha,63,64,62,64,70,67,67,62
2001,Geography,Ireland,Fae,59,50,51,54,50,50,60,50
2003,History,Paez,Louisiana,89,72,87,75,88,86,89,89,84,71
2001,Geography,Thomasson,Zayne,56,56,56,50,58,56,56,57
2002,Maths,Penney,Roxie,67,52,63,56,68,63,65,66,59,53,54,65
2002,Maths,Hagerman,Tanisha,67,59,52,61,57,61,56,70,60,68,55,50
2003,History,Suttles,Yaretzi,69,80,71,64,74,75,60,90,83,67
2004,Geography,Branson,Ivie,75,88,45,75,49,86,83,73
2003,Geography,Sabin,Tallie,89,78,81,76,76,71,73,75
2004,History,Craft,Carlton,49,84,68,64,42,60,51,62,46,41
2005,History,Macgregor,Theodora,56,81,58,73,50,44,68,61,90,56
2004,History,Beauchamp,Imelda,55,80,50,88,82,59,86,48,88,88
2005,Maths,Laster,Kristan,83,58,85,75,88,43,70,52,87,73,82,89
2000,Maths,Sherrod,Lockie,43,49,50,44,40,50,41,41,45,41,45,50
2002,Geography,Pounds,Nannette,67,67,61,63,70,64,64,61
2002,Maths,Turney,Marget,51,58,67,70,61,55,52,53,66,70,53,63
2001,History,Ayala,Ardell,52,56,58,60,57,51,60,55,56,59
2004,History,Hopkins,Alyson,47,50,63,86,66,83,63,82,76,58
2005,History,Alexis,Tom,45,75,45,87,77,84,74,53,89,75
2003,History,Kingery,Wendel,69,70,67,64,86,85,90,89,70,72
2000,Maths,Howlett,Tarsha,47,49,41,41,49,44,43,46,48,41,46,45
2000,History,Brittain,Latonia,46,43,44,43,42,48,45,40,47,50
2004,History,Carrico,Savannah,85,49,70,56,73,70,50,55,56,52
2000,Maths,Stack,Heber,47,42,47,44,50,45,41,50,48,48,43,41
2005,Maths,Mcrae,Dow,81,62,61,90,77,84,71,41,81,70,86,81
2004,Geography,Kendall,Case,66,82,78,54,52,46,88,90
2000,Maths,Teel,Lulie,43,44,44,48,47,41,46,42,49,46,46,47
2003,History,Derosa,Lawerence,90,63,74,80,72,62,84,87,70,60
2002,Geography,Foy,Foster,62,66,63,70,65,65,70,70
2000,Geography,Tirado,Jaqueline,42,43,49,50,40,50,50,47
2000,History,Pfeifer,Jermaine,46,41,46,44,42,45,43,47,50,40
2000,Geography,Lamb,Arnoldo,49,50,49,42,41,42,40,46
2004,Maths,Funk,Codi,76,89,72,54,71,57,48,46,78,50,76,85
2001,History,Slater,Cannon,56,60,57,51,60,59,59,52,52,54
2002,Geography,Deweese,Pearlie,63,69,68,65,69,63,63,62
2005,Maths,Shrum,Timothy,87,86,59,45,73,56,87,84,62,41,74,47
2001,Geography,Damon,Manning,52,52,55,54,56,53,55,58
2002,Geography,Coffee,Pepper,65,60,60,66,67,64,65,67
2005,Geography,Sherrill,Fremont,80,41,66,85,51,49,51,85
2003,History,Carl,Hans,88,73,62,64,63,67,75,64,78,80
2003,Geography,Andrews,Alison,46,70,71,71,65,44,69,46
2002,Geography,Snook,Montana,68,66,69,68,70,62,69,70
2004,Maths,Grose,Tamika,64,47,85,78,41,77,84,80,78,58,63,80
2000,Maths,Guerin,Paul,47,49,40,44,47,50,50,48,43,43,42,47
2004,Geography,Purnell,Louanna,65,79,76,43,49,58,69,80
2001,History,Dorsey,Birdie,58,53,54,54,55,58,57,57,58,59
2003,Geography,Roe,Clell,79,71,51,65,48,40,74,78
2002,Geography,Mckoy,Michaela,70,62,64,60,70,70,66,62
2000,Geography,Hess,Art,41,42,48,46,44,49,44,41
2001,Geography,Shifflett,Lashunda,51,58,60,58,60,59,54,58
2000,Geography,Sievers,Suzanne,45,45,47,45,49,49,50,47
2004,Geography,Toms,Viva,40,83,57,65,82,59,40,45
2003,Maths,Cazares,Hilario,83,88,85,80,84,78,86,71,78,74,70,72
2000,History,Hallett,Texas,45,50,43,47,41,48,42,41,43,49
2001,Maths,Randazzo,Meaghan,60,50,58,50,54,58,51,51,53,60,54,59
2004,Geography,Cain,Arron,70,52,71,62,45,58,64,46
2002,History,Soper,Neva,65,63,67,65,68,68,61,66,68,61
2001,History,Aguilar,Alize,59,50,50,60,51,59,59,53,50,57
2002,Geography,Chowdhury,Roe,68,66,62,63,69,60,65,63
2000,History,Stidham,Mamie,47,48,41,43,44,43,50,44,49,44
2001,Geography,Hummel,Esker,57,59,60,57,52,60,52,58
2002,History,Dale,Cathi,69,66,67,61,64,60,69,60,70,61
2003,History,Peterson,Adin,82,89,71,75,70,75,84,87,66,72
2003,History,Fierro,Harvie,67,83,72,68,77,68,63,60,78,69
2004,History,Gunther,Leone,83,82,61,59,48,46,58,90,51,52
2004,Geography,Wisniewski,Giles,49,90,72,69,48,74,85,84
2004,Maths,Naylor,Elizebeth,79,88,47,63,47,86,45,59,82,70,69,41
2003,Geography,Eaton,Belia,67,59,75,46,61,84,57,40
2003,Geography,Berglund,Sumner,72,75,61,72,48,44,53,52
2000,History,Phillip,Racheal,50,43,40,41,47,46,46,40,49,41
2002,Geography,Shields,Azzie,64,60,66,66,63,68,63,69
2005,Maths,Zak,Tamiko,80,64,44,49,79,84,56,86,49,62,46,67
2003,Maths,Weber,Alphonsine,83,73,81,78,76,88,89,89,76,82,71,90
2005,Geography,Trapp,Kash,80,62,84,40,76,76,45,55
2004,History,Kavanaugh,Savanna,75,49,57,54,90,55,87,79,75,78
2004,Maths,Lozada,Neal,72,74,79,48,87,82,87,53,90,71,64,61
2003,Geography,Donohue,Fredy,53,83,53,71,57,68,90,55
2002,Geography,Arias,Bobbi,68,66,65,66,68,61,61,63
2000,Maths,Schuh,Vernell,40,44,41,48,40,42,41,46,40,43,50,43
2001,Geography,Francisco,Doc,56,50,53,50,58,60,50,57
2004,Maths,Peek,Jaleel,88,85,57,67,68,70,73,46,88,71,64,42
2001,Maths,Denning,Lurena,60,60,59,56,53,54,55,54,58,60,60,58
2003,Maths,Fuentes,Arvilla,71,90,84,87,80,82,74,86,90,90,82,75
2002,Maths,Baumgardner,Rex,63,70,70,64,70,65,65,51,52,65,63,50
2002,History,Walls,Boston,64,69,61,66,67,68,62,68,64,64
2001,Maths,Mulcahy,Nicky,51,60,53,60,60,56,53,51,54,58,51,60
2005,Maths,Dawson,Andrae,64,56,62,83,43,84,76,63,86,81,40,61
2001,History,Sato,Merritt,51,53,60,59,59,52,50,59,54,56
2001,Maths,Delao,Vollie,54,52,50,57,53,53,59,56,51,50,55,59
2001,Geography,Gerard,Kimber,50,59,52,51,55,58,55,51
2002,History,Ahmad,Hollis,66,62,70,70,69,69,60,63,63,68
2005,Geography,Glidden,Xzavier,85,55,60,89,66,58,74,53
2004,History,Upshaw,Meg,71,70,57,55,60,49,73,48,44,51
2005,Maths,Ewell,Yesenia,89,64,83,80,57,44,43,78,48,63,40,77
2000,Geography,Wold,Santana,47,46,42,48,48,50,46,42
2001,Geography,Trotter,Dennie,56,51,50,56,50,58,58,57
2005,Geography,Weddle,Osborne,82,67,56,52,64,76,42,71
2002,Maths,Greenwood,Clifford,50,56,60,69,53,52,56,50,61,63,67,59
2005,Maths,Capps,Diya,52,75,84,70,49,54,50,61,69,64,88,54
2001,Maths,Russo,Barrett,59,53,55,54,58,58,53,57,58,57,56,56
2005,Maths,Reber,Taryn,83,86,79,43,58,76,46,47,60,75,83,51
2000,History,Bello,Hart,40,48,45,41,48,46,42,45,49,45
2000,Geography,Legg,Jodie,48,47,43,44,41,43,49,40
2002,History,Burney,Kiley,68,67,64,65,63,69,66,63,63,60
2001,Geography,Simmons,Aiden,54,58,60,50,57,50,59,60
2002,Geography,Woodruff,Ciara,63,65,66,65,63,70,62,62
2003,History,Mcgraw,Daryle,61,85,69,70,60,62,71,77,73,69
2002,Geography,Amick,Tristen,67,64,66,67,65,62,69,60
2004,Maths,Fan,Rosalyn,42,51,53,68,50,61,65,45,66,62,74,41
2003,Maths,Oswalt,Tayshaun,85,82,74,74,90,90,81,74,87,81,86,82
2001,Geography,Garvin,Geoff,59,59,50,51,55,55,50,58
2001,Geography,Creed,Winton,60,56,55,52,57,56,53,57
2004,Geography,Bettis,Rowland,57,68,62,46,85,65,80,63
2000,Geography,Landis,Dexter,46,48,41,48,47,50,41,41
2005,Maths,Sizemore,Delcie,86,44,57,46,62,87,73,83,66,68,84,84
2002,Maths,Heintz,Samie,64,67,70,68,52,67,59,67,61,62,55,57
2000,Geography,Montgomery,Aloys,45,48,44,45,48,44,41,43
2005,Maths,Stanley,Alyvia,43,74,90,46,47,46,48,87,46,78,52,52
2000,History,Guerrero,Alyssia,45,49,43,40,44,45,50,50,49,46
2000,History,Coppola,Kyson,42,50,43,43,41,48,43,41,42,44
2002,Maths,Bauman,Dorthey,59,53,62,60,69,54,56,63,52,50,66,66
2001,Geography,Connolly,Cecelia,51,50,53,58,59,58,54,60
2000,History,Sneed,Earlie,47,47,41,43,45,49,41,42,40,49
2003,Maths,Chin,Chuck,73,72,89,77,88,73,88,80,81,71,77,75
2005,Geography,Gamble,Cale,55,54,55,49,70,83,80,68
2002,Maths,Volz,Terra,68,63,50,53,54,51,59,69,61,59,68,68
2004,Geography,Delaney,Carisa,48,71,87,54,65,89,84,80
2003,Maths,Bolling,Quinton,74,81,90,83,70,70,76,71,82,70,84,83
2003,History,Bruns,Jace,74,82,60,64,67,77,75,71,72,72
2003,Geography,Oconnell,Britta,90,44,76,65,57,80,68,60
2005,History,Canady,Kyla,68,58,78,75,51,59,45,61,66,71
2002,History,Schutz,Talen,60,65,69,60,61,70,63,66,62,70
2002,Maths,Hallock,Yael,66,65,57,65,51,57,54,53,57,62,51,66
2005,Geography,Maas,Julian,53,51,77,42,45,54,51,86
2002,Maths,Berndt,Oral,66,68,58,51,68,53,70,62,63,61,62,63
2001,Maths,Koster,Parlee,54,57,60,50,58,51,60,58,59,52,50,50
2000,Maths,Woodard,Bennett,40,50,48,48,44,44,44,48,47,43,43,46
2003,Geography,Florence,Kayli,49,56,75,67,61,68,70,81
2005,Maths,Naranjo,Harriet,88,40,84,45,60,48,49,86,78,59,68,87
2005,Maths,Hofer,Latrell,66,72,80,56,77,68,44,54,86,42,49,52
2001,History,Pritchett,Diamond,51,58,54,57,60,52,52,50,50,60
2003,Maths,Brower,Ernesto,70,73,74,84,74,75,70,90,74,82,86,89
2003,Maths,Everett,Braiden,72,82,83,79,83,89,82,85,70,83,77,84
2005,Geography,Singh,Annabelle,90,69,74,58,81,72,87,53
2002,Maths,Merrick,Lara,70,63,63,66,59,51,68,69,60,66,58,52
2003,Maths,Solis,Armani,85,74,82,76,78,71,90,83,81,74,72,87
2003,Maths,Manzano,Modena,80,85,77,70,78,71,72,88,74,75,85,85
2003,Geography,Bland,Clarine,57,48,84,55,70,44,77,83
2003,Maths,Eubanks,Delbert,89,89,86,80,75,86,76,82,86,88,88,85
2001,Maths,Bratton,Katharine,52,50,51,56,57,59,56,51,56,59,57,57
2005,History,Hoyt,Daryl,72,47,59,68,72,82,86,90,55,79
2000,Geography,Tisdale,Jocelynn,48,45,40,47,42,47,47,43
2004,Geography,Acevedo,Brandie,80,82,80,82,79,70,57,80
2003,History,Fairley,Ronda,83,60,69,90,90,65,70,78,66,87
2005,Maths,Friend,Doshie,45,59,64,81,71,81,60,66,42,66,87,78
2005,Maths,Kuykendall,Jorden,79,44,47,67,72,64,48,79,64,81,84,62
2005,Geography,Olinger,Sampson,70,52,65,61,72,66,82,46
2003,Maths,Cobb,Arizona,78,77,83,84,78,82,89,90,70,83,78,89
2005,History,Krebs,Iverson,41,60,50,74,69,63,63,69,89,48
2003,Geography,Thorpe,Darlyne,50,76,64,53,66,75,62,45
2004,Geography,Cushing,Nelson,80,75,90,47,59,86,70,89
2001,History,Dalrymple,Mitchell,60,54,58,51,52,58,50,50,50,55
2003,Geography,Carson,Asberry,48,66,88,42,53,42,64,49
2003,History,Huggins,Danna,87,87,86,79,78,79,81,75,86,76
2003,History,Speight,Suellen,84,64,73,60,69,61,81,72,67,67
2004,History,Barrera,Bernhard,74,67,45,84,47,89,59,62,46,76
2001,History,Norris,Amit,51,51,57,56,50,59,55,53,59,60
2003,History,Maples,Jamison,60,66,62,81,78,88,72,65,60,66
2004,History,Pagel,Torey,80,88,78,90,65,83,60,78,73,81
2000,Maths,Straub,Jovita,47,40,41,48,45,41,50,47,44,41,44,41
2003,History,Gunter,Collette,85,78,66,77,76,63,82,85,79,69
2000,Geography,Delapaz,Wilbur,44,45,45,41,50,47,47,49
2002,Maths,Escobar,Bertina,64,65,54,57,67,66,52,54,60,51,63,68
2002,History,Ecker,Wardell,63,69,63,64,61,63,63,60,66,63
2005,Maths,Barone,Gustavo,89,86,65,83,44,58,50,90,61,70,90,90
2004,Maths,Bernhardt,Marvin,89,72,89,54,64,87,44,90,60,59,59,56
2004,Maths,Forest,Tinie,50,45,51,49,43,87,88,70,71,45,54,59
2000,History,Espino,Ivah,47,40,50,40,40,50,46,48,41,41
2002,Geography,Lucero,Burl,64,70,61,68,70,66,66,60
2004,Geography,Switzer,Ilda,72,58,55,77,57,87,82,90
2000,Geography,Gower,Newman,40,41,47,49,49,45,41,48
2004,History,Babcock,Damari,84,59,65,42,55,40,58,61,72,59
2004,History,Meyers,Arvid,86,89,84,84,87,57,63,66,78,50
2000,Maths,Leger,Kamari,44,50,44,43,49,49,44,47,49,42,43,40
2000,Geography,Hu,Hansel,50,41,45,41,49,48,48,42
2001,Geography,Dupuis,Lenon,56,56,52,56,53,55,60,60
2003,Maths,Cormier,Edythe,78,80,88,84,75,74,71,84,73,88,72,75
2003,Geography,Ferrari,Lorna,89,55,52,49,53,79,71,54
2004,Maths,Cartagena,Ragna,86,47,71,85,79,53,46,89,65,48,77,61
2002,History,Yeung,Newton,68,60,61,60,61,60,68,61,69,62
2001,History,Mckinley,Cordaro,54,55,54,54,50,55,52,54,54,52
2002,History,Gaspar,Lyda,68,66,60,61,62,60,60,61,64,68
2004,History,Matthew,Nestor,54,54,70,41,74,54,75,79,87,58
2004,History,Holloman,Maura,56,83,40,70,64,75,63,61,90,46
2004,History,Woodring,Victory,77,61,42,79,72,70,90,74,88,64
2001,History,Butts,Colvin,60,53,55,50,54,59,59,50,54,59
2000,Maths,Couture,Lavinia,43,46,50,41,50,47,49,47,41,43,50,46
2004,History,Bethea,Jacques,57,70,86,78,54,59,53,77,50,42
2001,Geography,Varga,Redden,51,57,53,58,57,54,60,55
2002,Geography,Studer,Sylvania,67,64,64,61,68,61,65,68
2004,History,Gardiner,Izora,67,69,47,42,48,48,67,53,46,68
2001,Geography,Jara,Nunzio,60,57,55,51,58,55,59,58
2002,Maths,Fidler,Thedore,52,67,60,64,60,50,57,67,51,54,51,55
2001,History,Platt,Deyanira,58,57,56,55,51,56,50,52,57,50
2001,Maths,Gilbreath,Vicy,51,53,55,58,50,57,56,60,55,54,59,55
2004,Geography,Bagley,Ebony,53,89,46,57,76,83,62,56
2003,History,Gulley,Jeremy,69,72,82,68,84,73,71,68,63,90
2001,Maths,Borg,Whit,52,51,56,60,56,56,59,53,52,60,59,56
2004,History,Kang,Columbia,65,42,50,53,89,52,84,64,43,81
2002,Maths,Gomes,Davion,61,53,63,63,64,63,70,65,70,67,68,55
2000,Geography,Robb,Frederica,43,46,41,41,45,43,49,49
2005,Maths,Voelker,Ward,48,46,83,67,81,50,73,72,81,49,64,40
2004,History,Fortner,Iliana,74,51,43,87,72,69,72,46,45,40
2001,History,Dill,Donovan,57,60,57,51,51,50,52,57,50,52
2001,Maths,Denney,Guillermo,60,59,60,51,56,59,57,58,50,60,53,55
2002,History,Stoddard,Farrah,66,64,70,60,66,65,68,64,70,63
2003,History,Pardo,Kellen,90,89,82,89,86,77,66,75,79,68
2003,History,Alcaraz,Lessie,63,67,88,74,80,88,74,75,68,89
2001,Geography,Zuniga,Boyd,59,58,50,50,58,59,52,54
2005,History,Roush,Itzel,55,46,67,71,41,71,41,83,81,80
2005,Geography,Drury,Jamari,89,65,86,79,73,81,42,68
2000,History,Etienne,Rosendo,45,42,47,44,44,41,45,40,44,49
2000,History,Higdon,Kaeden,41,50,40,45,46,47,42,50,42,49
2002,Maths,Nicol,Venie,63,53,58,68,57,52,62,68,60,50,64,53
2001,History,Dietz,Desmond,58,54,54,55,57,52,60,58,52,51
2003,Maths,Cosgrove,Julisa,70,88,89,86,77,79,77,71,81,70,79,79
2005,Geography,Lawrence,Allena,87,60,83,78,82,65,70,63
2000,History,Mancini,Jabbar,45,43,50,40,41,50,41,44,42,42
2000,History,Stjohn,Eloy,44,43,48,41,42,47,48,41,49,42
2002,Maths,Coley,Esequiel,83,83,77,82,90,88,82,74,71,70,83,83
2002,History,Barragan,Elisabeth,67,69,63,60,66,68,69,70,65,65
2002,Maths,Colin,Sam,77,88,88,83,77,88,89,74,72,80,82,72
2002,Geography,Garrison,Ayaan,68,65,65,66,67,67,66,69
2002,Maths,Alejandro,Reyes,70,74,71,74,81,72,70,87,75,86,78,86
2000,Maths,Melo,Miles,58,53,52,54,55,58,59,55,57,54,55,57
2001,Maths,Ashcraft,Joeseph,60,58,53,55,56,51,58,51,55,57,60,59
2000,Maths,Sheehan,Chrissy,57,53,59,55,52,54,55,56,59,58,50,54
2002,Maths,Meier,Claudine,83,77,78,78,87,87,85,83,76,83,85,83
2005,History,Lincoln,Eliezer,80,50,50,82,73,51,77,89,83,60
2000,Maths,Sands,Devyn,58,55,55,60,55,56,59,55,51,50,54,60
2005,History,Woodward,Brigitte,76,58,67,58,52,40,74,55,90,42
2003,History,Gray,Adriane,70,60,89,69,83,71,76,79,60,86
2003,History,Huck,Zenobia,77,87,67,63,90,70,84,65,72,73
2002,History,Crutcher,Renata,65,65,67,60,69,60,68,62,64,61
2002,History,Nielson,Janyce,66,62,63,63,65,67,69,64,63,67
2002,History,Lafrance,Sylva,67,65,66,60,64,60,69,67,63,66
2002,History,Culpepper,Jeffry,64,65,65,61,63,61,65,70,70,65
2001,Geography,Vines,Jewell,58,60,53,56,57,58,60,57
2003,History,Wieland,Shawnte,74,66,63,66,70,74,65,61,73,87
2002,Maths,Espinosa,Carlyn,90,83,87,81,82,84,83,81,70,71,84,74
2005,Maths,Hamann,Seaborn,46,78,77,42,79,85,64,90,88,40,49,53
2005,Maths,Crider,Janice,89,54,67,55,58,71,71,51,51,77,84,69
2000,Maths,Villegas,Brycen,54,53,52,53,60,54,59,56,50,55,58,57
2000,Geography,Betancourt,Ellie,41,40,40,42,45,40,46,43
2004,Geography,Mauldin,Joell,55,53,58,68,84,64,65,84
2004,Geography,Casanova,Macey,72,73,90,89,84,77,65,64
2001,Geography,Shepard,Braelyn,55,51,56,57,60,57,51,58
2004,Maths,Post,Coralie,90,87,44,67,80,69,45,68,88,75,41,58
2003,Geography,Burkhardt,Lenore,41,51,66,76,47,57,57,66
2004,Geography,Bradbury,Leonidas,53,56,88,72,60,73,59,77
2000,Geography,Fannin,Okey,40,43,46,46,42,48,46,45
2005,Maths,Rosenbaum,Katlynn,41,83,45,40,76,64,42,42,65,77,66,62
2000,Geography,Tyner,Moe,49,50,47,50,49,46,48,45
2000,History,Schindler,Jonnie,43,45,49,46,44,50,49,42,40,47
2002,Geography,Odell,Carlene,62,68,65,64,60,68,61,68
2003,Maths,Wray,Estel,82,86,88,86,85,81,71,82,76,84,71,88
2001,History,Sokol,Scarlett,52,60,60,50,50,56,57,50,58,51
2000,History,Ahn,Leilani,42,50,45,40,49,50,42,41,41,49
2000,History,Cervantes,Artelia,50,46,42,42,46,40,44,47,46,50
2000,History,Lavender,Lynne,41,44,40,48,41,47,50,42,43,47
2000,History,Mcnamara,Christie,49,41,45,50,50,46,46,40,46,45
2001,Maths,Blackmon,Darwin,58,54,60,51,54,50,52,50,52,53,53,54
2000,History,Dewey,Haden,50,50,48,50,48,45,43,50,48,41
2003,History,Munn,Kiarra,83,68,86,67,63,71,86,80,66,86
2001,Maths,Gamez,Eathel,57,56,57,57,53,50,52,56,51,59,60,53
2000,Geography,Baskin,Nathanial,48,49,41,43,47,43,46,49
2005,History,Keeling,Lemon,83,58,55,58,57,55,87,68,80,42
2003,Maths,Noriega,Irl,80,86,90,76,79,81,73,84,81,76,77,88
2004,Maths,Omalley,Durell,81,51,69,75,72,75,50,66,86,63,57,84
2004,Geography,Marty,Wilmer,49,74,79,51,74,67,82,62
2003,Maths,Pipkin,Shea,89,72,87,87,76,86,85,70,75,81,77,82
2000,Geography,Javier,Myrl,45,48,49,45,48,43,44,40
2002,History,Hancock,Babette,65,63,69,63,67,63,64,69,66,67
2003,Geography,Wegner,Laverne,47,66,63,62,50,71,43,50
2001,Geography,Pepe,Shirlie,50,59,53,52,55,55,53,60
2003,Maths,Bellamy,Ellis,89,71,84,89,83,77,83,89,72,72,71,70
2002,Geography,Bourgeois,Gilbert,67,62,69,62,68,61,65,65
2005,Maths,Roll,Thekla,45,78,73,70,43,67,43,60,62,44,77,45
2003,Maths,Patino,Ernie,74,76,80,83,76,71,71,87,82,88,79,84
2005,Maths,Osuna,Robby,51,41,74,73,78,45,73,61,51,59,85,61
2001,Geography,Allred,Dwan,55,53,51,54,55,51,58,53
2002,Maths,Alvey,Trystan,84,88,86,81,78,86,73,85,87,85,88,90
2004,Geography,Dell,Koda,71,44,64,75,49,49,86,56
2005,History,Juliano,Zander,83,54,80,64,74,49,56,74,51,63
2005,History,Olivas,Elex,85,77,78,83,74,57,62,45,57,40
2002,History,Priest,Eve,68,64,62,63,65,61,65,65,60,68
2001,History,Oviedo,Sarahi,55,57,56,51,60,57,54,56,60,57
2003,Maths,Haller,Joselyn,77,72,71,82,88,81,84,74,75,84,89,88
2003,History,Lu,Corine,69,67,86,87,86,65,75,65,61,72
2002,Maths,Clevenger,Halbert,76,81,88,81,74,74,81,86,83,76,90,85
2003,History,Woolsey,Mignon,88,69,68,84,69,90,71,62,85,89
2004,History,Reichert,Jerri,79,66,55,74,54,81,80,48,47,42
2004,History,Poulos,Viney,42,73,46,53,68,42,86,55,42,51
2001,Maths,Muth,Vernal,56,54,58,54,53,57,53,57,54,57,59,55
2002,History,Mcdonough,Danny,67,70,70,68,63,70,66,62,66,66
2002,History,Trent,Derrick,61,69,66,66,69,65,66,66,65,69
2000,Maths,Julian,Ether,50,51,55,60,53,54,50,55,59,51,54,60
2000,Maths,Bray,Bryson,54,54,56,52,52,55,53,56,52,55,53,52
2002,Maths,Lujan,Denton,83,82,77,70,85,72,88,89,81,86,74,82
2000,History,Guajardo,Ines,44,50,46,49,46,47,41,40,47,50
2000,History,Bauer,Arley,58,56,54,59,59,55,54,56,54,52
2001,History,Fitzgerald,Anjelica,52,51,60,51,60,52,52,50,56,57
2003,History,Dagostino,Lavina,72,61,67,86,83,88,74,81,70,75
2001,History,Martell,Joselin,56,60,52,55,58,53,60,55,51,54
2002,Geography,Lennon,Jaxon,66,63,68,64,62,67,66,69
2004,History,Tellez,Emmer,75,79,84,61,57,51,81,61,82,82
2005,Maths,Dial,Irma,76,66,47,73,53,45,44,65,42,75,51,68
2004,Geography,Webster,Antionette,52,80,73,48,89,64,40,90
2004,Maths,August,Penelope,67,64,42,64,47,50,73,71,58,66,73,77
2000,Maths,Hendry,Shawnna,60,60,54,51,58,56,51,56,52,58,52,55
2002,History,Moran,Andy,61,66,64,62,69,62,63,60,63,69
2002,Maths,Boatright,Rosabelle,78,82,86,76,81,81,80,79,79,89,86,80
2001,Geography,Daigle,Flor,65,70,60,67,64,68,61,64
2004,Maths,Boynton,Michial,55,64,81,45,41,71,61,85,85,68,71,40
2002,Maths,Nieves,Chalmer,73,74,86,75,71,76,84,77,77,87,79,85
2001,Maths,Battles,Margot,52,57,52,56,53,50,50,52,51,59,58,55
2005,Geography,Mcnair,Emmy,86,62,57,85,62,50,76,66
2002,History,Folsom,Madie,60,64,70,70,67,60,60,63,66,69
2005,Geography,Buxton,Marcos,41,87,48,61,65,68,61,47
2004,History,Galvan,Bobbie,48,43,53,69,85,51,40,72,76,73
2002,Geography,Morrow,Asbury,60,62,61,66,66,65,66,62
2001,Geography,Noah,Trudi,68,66,61,70,62,69,61,62
2000,History,Burgess,Annie,54,55,59,58,54,53,56,55,57,57
2002,History,Bostick,Lupe,62,60,61,62,65,60,70,67,61,60
2001,Maths,Booker,Brogan,52,62,62,68,55,57,60,59,57,60,58,69
2002,Geography,Lupo,Sheldon,62,62,61,66,65,70,66,63
2001,Geography,Cho,Claire,69,69,66,67,69,66,65,60
2002,Geography,Harrington,Aria,70,66,66,61,60,67,63,66
2003,History,Rounds,Omer,73,67,74,67,77,61,60,89,73,78
2001,Maths,Ching,Melany,51,55,67,67,70,69,50,61,68,52,66,50
2005,History,Luong,Ilah,48,70,45,74,43,51,70,51,75,90
2004,Geography,Gagnon,Davin,63,74,58,42,52,87,77,48
2000,History,Martinez,Abbott,56,59,60,50,53,59,55,55,51,51
2001,History,Deaver,Wava,51,55,55,53,51,60,51,52,54,51
2001,Maths,Goodson,Enos,62,54,58,65,52,69,54,68,66,56,67,59
2005,Geography,Stott,Roby,42,71,44,81,82,73,86,70
2001,History,Holman,Capitola,56,57,59,58,57,52,60,59,52,59
2000,History,Ingram,Archie,51,58,58,55,57,53,58,58,50,55
2004,History,Dixon,Alena,88,68,77,58,77,61,73,50,46,88
2001,Maths,Gaffney,Grant,57,54,70,52,52,57,52,63,69,59,69,60
2001,Maths,Watters,Indiana,51,59,62,58,50,52,64,60,52,52,66,56
2004,Maths,Munro,Natalie,70,68,81,66,69,68,88,50,54,75,74,63
2000,Maths,Burnside,Kylan,52,54,53,60,54,56,60,59,53,51,50,50
2005,History,Lemieux,Manuela,54,57,58,73,85,79,76,67,71,81
2003,Maths,Dugger,Karsyn,76,75,77,75,81,85,87,70,89,88,81,74
2002,History,Koehn,Khadijah,70,67,70,65,69,67,65,69,64,63
2002,Maths,Stapleton,Donte,73,77,87,72,83,87,81,71,77,82,73,76
2001,Geography,Palmer,Alesha,68,62,65,64,63,66,63,64
2005,Geography,Urrutia,Sussie,85,69,47,80,83,49,60,54
2003,Geography,Merino,Magan,90,81,45,53,74,56,80,45
2003,History,Mcginnis,Cherise,68,77,81,63,78,85,61,65,86,87
2005,Geography,Vickers,Danika,46,51,42,72,72,61,88,45
2003,Maths,Williams,Aarav,73,79,82,78,70,86,72,89,84,76,75,84
2004,History,Hume,Minerva,79,40,84,48,43,81,52,64,43,87
2002,Geography,Geary,Hadley,62,65,67,62,62,61,66,63
2001,Maths,Brace,Velia,68,68,51,60,66,54,51,60,59,59,70,63
2005,Maths,Harwell,Marie,68,48,65,72,57,90,75,63,59,50,76,72
2001,Maths,Whitson,Karen,51,55,53,51,51,53,54,61,64,70,51,64
2004,Geography,Bartel,Sharita,67,69,60,90,68,61,81,66
2003,Maths,Marchese,Netta,89,73,82,82,90,75,79,88,75,84,72,85
2000,Maths,Leon,Arletta,58,53,59,50,58,58,53,50,57,60,52,52
2003,History,Deberry,Shatara,88,78,75,76,77,90,69,68,73,68
2004,History,Gearhart,Madilyn,73,57,69,42,79,51,42,85,88,73
2002,Maths,Weathers,Frieda,73,74,82,73,83,83,73,76,80,72,75,73
2000,History,Gass,Metha,50,57,57,51,54,58,54,51,53,53
2004,Maths,Lang,Armin,81,62,59,89,43,52,66,58,41,46,55,78
2004,Geography,Rosas,Carla,53,79,87,78,50,63,85,71
2002,History,Kizer,Unique,60,65,68,66,70,63,60,60,68,68
2000,Geography,Grossman,Dominik,45,47,47,42,47,45,45,46
2001,Geography,Akin,Landen,63,66,63,70,63,63,64,69
2004,Geography,Downes,Sal,86,75,86,80,48,41,86,40
2005,History,Grier,Gaylon,77,52,46,81,44,76,53,84,49,72
2003,History,Parisi,Leila,73,72,78,86,79,80,64,61,67,72
2000,History,Eby,Orlando,60,53,59,57,51,56,60,52,58,51
2003,Geography,Steward,Daniella,85,75,65,50,58,78,73,58
2004,Geography,Southworth,Wayland,50,88,52,79,55,79,63,76
2003,Geography,Cox,Adolph,89,63,80,41,58,75,78,58
2005,Geography,Shi,Uriel,63,53,50,79,71,40,60,89
2004,Geography,Gresham,Imanol,63,58,83,55,69,79,89,64
2003,History,Akins,Earlean,69,60,74,61,69,64,72,71,72,74
2003,Geography,Maloy,Virgel,51,66,43,56,68,74,77,41
2002,Maths,Carpio,Stewart,83,74,71,74,79,71,80,70,77,84,70,87
2004,Geography,Lantz,Hector,69,54,49,72,70,59,49,43
2001,Geography,Kiley,Shane,62,66,67,65,60,64,62,62
2001,Geography,Ebert,Green,61,70,69,63,68,68,62,65
2003,Maths,Dulaney,Sheryll,86,77,73,81,81,70,87,78,73,81,82,72
2002,History,Wendt,Gillie,64,66,61,62,60,60,63,62,64,70
2000,Maths,Murry,Jorge,53,50,55,59,59,58,59,50,56,54,60,56
2002,Geography,Criswell,Leta,70,62,66,66,61,62,67,61
2003,History,Mowery,Lexi,90,76,65,73,90,74,81,80,62,63
2005,Geography,Covey,Krysten,69,43,51,87,63,49,87,72
2001,Geography,Spurgeon,Melisa,67,66,63,65,69,61,64,62
2005,History,Moyers,Verla,54,65,73,42,48,56,45,89,72,58
2002,Geography,Pinkney,Rashawn,70,64,64,63,68,63,61,70
2002,History,Baird,Buford,60,70,62,68,60,60,68,69,65,69
2002,Maths,Cairns,Sydnee,81,73,70,89,79,82,85,72,74,87,87,88
2000,Geography,Sun,Erna,40,46,44,44,44,41,44,44
2000,Maths,Garman,Malachi,56,50,56,51,55,59,53,53,56,50,60,51
2002,Maths,Thurmond,Roll,83,83,76,83,80,73,76,71,74,88,83,77
2000,Geography,Beauregard,Vella,47,47,47,43,42,42,42,41
2001,History,Mears,Joelle,55,50,52,58,57,60,56,58,50,52
2002,History,Bowles,Coral,66,63,61,62,66,70,65,67,60,65
2001,Maths,Lange,Carra,58,55,52,70,61,57,55,53,61,62,68,51
2005,Maths,Alaniz,Fabiola,49,75,56,69,53,60,42,77,72,64,78,72
2002,History,Strange,Etta,61,61,63,64,69,68,62,63,68,68
2004,History,Byrnes,Izabelle,84,62,55,52,64,90,45,51,89,81
2004,History,Sharkey,Lella,41,63,59,67,73,72,71,82,90,50
2002,Geography,Tyler,Arland,62,63,61,60,67,67,60,65
2001,Maths,Brand,Dereon,52,55,70,61,67,53,54,58,69,65,70,61
2002,Maths,Koehler,Deneen,83,82,78,72,83,72,86,72,76,81,85,81
2000,History,Capone,Tea,56,60,56,54,56,53,60,54,56,51
2003,Geography,Easterling,Lorine,80,83,46,73,66,40,68,46
2003,Maths,Francis,Annice,83,78,74,73,72,74,82,72,89,86,76,85
2000,History,Gainer,Wilfrid,51,51,50,51,56,54,59,58,60,55
2000,Maths,Burkhalter,Toy,59,51,53,53,58,52,56,52,56,52,50,52
2002,Geography,Slaughter,Christ,67,70,66,69,66,66,64,65
2003,History,Arnold,Alford,86,83,65,71,89,66,72,61,71,75
2002,Geography,Flinn,Tammy,64,67,66,69,69,65,65,62
2001,History,Thomsen,Lula,56,54,52,52,55,54,54,53,59,53
2004,History,Broderick,Jazlene,64,51,87,85,73,89,88,76,68,41
2005,Maths,Fryer,Madge,48,42,60,85,55,50,79,79,82,85,76,61
2002,History,Cheung,Eliga,66,60,63,64,67,67,69,63,60,66
2005,Maths,Kavanagh,Torrie,46,41,83,81,42,54,42,54,82,61,81,75
2000,Geography,Ostrowski,Maximo,40,41,45,44,50,50,42,50
2004,History,Neel,Mattye,79,51,86,78,45,47,63,52,78,70
2001,History,Elizondo,Gwenda,60,60,50,55,52,52,55,60,53,58
2005,Maths,Sansone,Ura,69,58,50,60,88,75,80,64,41,74,40,84
2003,Maths,Kong,Isabelle,77,89,83,82,83,75,83,84,73,77,73,87